,pff_PENALTYYARDS,pff_KICKYARDS,pff_YARDSAFTERCATCH,pff_DRIVEENDFIELDPOSITION,pff_DRIVESTARTFIELDPOSITION,pff_PLAYENDFIELDPOSITION,pff_DOWN,pff_DISTANCE,pff_FIELDPOSITION,pff_SCORE,pff_OFFSCORE
count,6075.0,11614.0,17712.0,66112.0,66112.0,81091.0,81091.0,81091.0,81091.0,81091.0,81091.0
mean,0.037037037037037035,52.1655760289306,6.1621499548328815,50.18340089545015,29.788192763794772,0.5898188454945679,1.7581605850217656,7.622744817550653,42.20969034788077,12.085434635162965,9.847911605480263
std,9.242183525365661,14.9366427886343,8.428813949642725,25.58877242508493,18.81286451918832,30.789642391710757,1.127566267637055,4.594150131738984,30.765124969003853,12.595682064739215,11.321226637232908
min,-25.0,-1.0,-11.0,1.0,1.0,-49.0,0.0,0.0,1.0,0.0,0.0
25%,-5.0,40.0,1.0,31.0,22.0,-30.0,1.0,4.0,15.0,0.07,0.0
50%,-5.0,52.0,4.0,50.0,25.0,3.0,2.0,10.0,29.0,7.14,7.0
75%,7.0,65.0,9.0,67.0,32.0,26.0,3.0,10.0,71.0,20.13,16.0
max,16.0,80.0,98.0,100.0,100.0,50.0,4.0,43.0,100.0,72.0,72.0
